Users,Total pulls,Pull number,MoC,PF,Female,HP,ATK,DEF,SPEED,Banner count,Legendary chance,Win percent,PHYSICAL,FIRE,ICE,LIGHTNING,WIND,QUANTUM,DESTRUCTION,HUNT,ERUDITION,HARMONY,NIHILITY,PRESERVATION
311247,29140065,74,9,8,1,126.72,87.12,49.5,115,1,0.067843296,0.572607781921549,0,0,0,0,0,1,0,1,0,0,0,0
311247,29140065,75,9,8,1,126.72,87.12,49.5,115,1,0.12768586,0.572607781921549,0,0,0,0,0,1,0,1,0,0,0,0
311247,29140065,76,9,8,1,126.72,87.12,49.5,115,1,0.18718436,0.572607781921549,0,0,0,0,0,1,0,1,0,0,0,0
311247,29140065,77,9,8,1,126.72,87.12,49.5,115,1,0.24643622,0.572607781921549,0,0,0,0,0,1,0,1,0,0,0,0
311247,29140065,78,9,8,1,126.72,87.12,49.5,115,1,0.30696166,0.572607781921549,0,0,0,0,0,1,0,1,0,0,0,0
311247,29140065,79,9,8,1,126.72,87.12,49.5,115,1,0.36694795,0.572607781921549,0,0,0,0,0,1,0,1,0,0,0,0
311247,29140065,80,9,8,1,126.72,87.12,49.5,115,1,0.42612034,0.572607781921549,0,0,0,0,0,1,0,1,0,0,0,0
311247,29140065,81,9,8,1,126.72,87.12,49.5,115,1,0.4842712,0.572607781921549,0,0,0,0,0,1,0,1,0,0,0,0
311247,29140065,82,9,8,1,126.72,87.12,49.5,115,1,0.53965074,0.572607781921549,0,0,0,0,0,1,0,1,0,0,0,0
311247,29140065,83,9,8,1,126.72,87.12,49.5,115,1,0.60215557,0.572607781921549,0,0,0,0,0,1,0,1,0,0,0,0
311247,29140065,90,9,8,1,126.72,87.12,49.5,115,1,1.0,0.572607781921549,0,0,0,0,0,1,0,1,0,0,0,0
80760,2369924,74,9,8,1,126.72,87.12,49.5,115,2,0.067556076,0.5703587531856499,0,0,0,0,0,1,0,1,0,0,0,0
80760,2369924,75,9,8,1,126.72,87.12,49.5,115,2,0.12474227,0.5703587531856499,0,0,0,0,0,1,0,1,0,0,0,0
80760,2369924,76,9,8,1,126.72,87.12,49.5,115,2,0.18646517,0.5703587531856499,0,0,0,0,0,1,0,1,0,0,0,0
80760,2369924,77,9,8,1,126.72,87.12,49.5,115,2,0.23773554,0.5703587531856499,0,0,0,0,0,1,0,1,0,0,0,0
80760,2369924,78,9,8,1,126.72,87.12,49.5,115,2,0.30709165,0.5703587531856499,0,0,0,0,0,1,0,1,0,0,0,0
80760,2369924,79,9,8,1,126.72,87.12,49.5,115,2,0.3519701,0.5703587531856499,0,0,0,0,0,1,0,1,0,0,0,0
80760,2369924,80,9,8,1,126.72,87.12,49.5,115,2,0.3992304,0.5703587531856499,0,0,0,0,0,1,0,1,0,0,0,0
80760,2369924,81,9,8,1,126.72,87.12,49.5,115,2,0.48181084,0.5703587531856499,0,0,0,0,0,1,0,1,0,0,0,0
80760,2369924,82,9,8,1,126.72,87.12,49.5,115,2,0.5280811,0.5703587531856499,0,0,0,0,0,1,0,1,0,0,0,0
80760,2369924,83,9,8,1,126.72,87.12,49.5,115,2,0.5049505,0.5703587531856499,0,0,0,0,0,1,0,1,0,0,0,0
80760,2369924,90,9,8,1,126.72,87.12,49.5,115,2,1.0,0.5703587531856499,0,0,0,0,0,1,0,1,0,0,0,0
292498,17736116,74,9,9,0,158.4,95.04,66.0,99,1,0.066210784,0.5710622095889405,0,0,0,1,0,0,0,0,1,0,0,0
292498,17736116,75,9,9,0,158.4,95.04,66.0,99,1,0.12652233,0.5710622095889405,0,0,0,1,0,0,0,0,1,0,0,0
292498,17736116,76,9,9,0,158.4,95.04,66.0,99,1,0.18623227,0.5710622095889405,0,0,0,1,0,0,0,0,1,0,0,0
292498,17736116,77,9,9,0,158.4,95.04,66.0,99,1,0.24386178,0.5710622095889405,0,0,0,1,0,0,0,0,1,0,0,0
292498,17736116,78,9,9,0,158.4,95.04,66.0,99,1,0.30649066,0.5710622095889405,0,0,0,1,0,0,0,0,1,0,0,0
292498,17736116,79,9,9,0,158.4,95.04,66.0,99,1,0.366931,0.5710622095889405,0,0,0,1,0,0,0,0,1,0,0,0
292498,17736116,80,9,9,0,158.4,95.04,66.0,99,1,0.42253342,0.5710622095889405,0,0,0,1,0,0,0,0,1,0,0,0
292498,17736116,81,9,9,0,158.4,95.04,66.0,99,1,0.47848338,0.5710622095889405,0,0,0,1,0,0,0,0,1,0,0,0
292498,17736116,82,9,9,0,158.4,95.04,66.0,99,1,0.54208577,0.5710622095889405,0,0,0,1,0,0,0,0,1,0,0,0
292498,17736116,83,9,9,0,158.4,95.04,66.0,99,1,0.60445684,0.5710622095889405,0,0,0,1,0,0,0,0,1,0,0,0
292498,17736116,90,9,9,0,158.4,95.04,66.0,99,1,1.0,0.5710622095889405,0,0,0,1,0,0,0,0,1,0,0,0
31527,977810,74,9,9,0,158.4,95.04,66.0,99,2,0.0665278,0.58161206648093,0,0,0,1,0,0,0,0,1,0,0,0
31527,977810,75,9,9,0,158.4,95.04,66.0,99,2,0.12901424,0.58161206648093,0,0,0,1,0,0,0,0,1,0,0,0
31527,977810,76,9,9,0,158.4,95.04,66.0,99,2,0.18037821,0.58161206648093,0,0,0,1,0,0,0,0,1,0,0,0
31527,977810,77,9,9,0,158.4,95.04,66.0,99,2,0.24259771,0.58161206648093,0,0,0,1,0,0,0,0,1,0,0,0
31527,977810,78,9,9,0,158.4,95.04,66.0,99,2,0.31794333,0.58161206648093,0,0,0,1,0,0,0,0,1,0,0,0
31527,977810,79,9,9,0,158.4,95.04,66.0,99,2,0.3524622,0.58161206648093,0,0,0,1,0,0,0,0,1,0,0,0
31527,977810,80,9,9,0,158.4,95.04,66.0,99,2,0.4200721,0.58161206648093,0,0,0,1,0,0,0,0,1,0,0,0
31527,977810,81,9,9,0,158.4,95.04,66.0,99,2,0.4663909,0.58161206648093,0,0,0,1,0,0,0,0,1,0,0,0
31527,977810,82,9,9,0,158.4,95.04,66.0,99,2,0.5263158,0.58161206648093,0,0,0,1,0,0,0,0,1,0,0,0
31527,977810,83,9,9,0,158.4,95.04,66.0,99,2,0.58677685,0.58161206648093,0,0,0,1,0,0,0,0,1,0,0,0
31527,977810,90,9,9,0,158.4,95.04,66.0,99,2,1.0,0.58161206648093,0,0,0,1,0,0,0,0,1,0,0,0
272100,17696242,74,9,6,1,142.56,87.12,62.7,107,1,0.06663676,0.5756670065129444,0,0,0,0,0,1,0,0,0,0,1,0
272100,17696242,75,9,6,1,142.56,87.12,62.7,107,1,0.12643774,0.5756670065129444,0,0,0,0,0,1,0,0,0,0,1,0
272100,17696242,76,9,6,1,142.56,87.12,62.7,107,1,0.18798763,0.5756670065129444,0,0,0,0,0,1,0,0,0,0,1,0
272100,17696242,77,9,6,1,142.56,87.12,62.7,107,1,0.24268764,0.5756670065129444,0,0,0,0,0,1,0,0,0,0,1,0
272100,17696242,78,9,6,1,142.56,87.12,62.7,107,1,0.30504698,0.5756670065129444,0,0,0,0,0,1,0,0,0,0,1,0
272100,17696242,79,9,6,1,142.56,87.12,62.7,107,1,0.36741272,0.5756670065129444,0,0,0,0,0,1,0,0,0,0,1,0
272100,17696242,80,9,6,1,142.56,87.12,62.7,107,1,0.42620552,0.5756670065129444,0,0,0,0,0,1,0,0,0,0,1,0
272100,17696242,81,9,6,1,142.56,87.12,62.7,107,1,0.4878129,0.5756670065129444,0,0,0,0,0,1,0,0,0,0,1,0
272100,17696242,82,9,6,1,142.56,87.12,62.7,107,1,0.54268736,0.5756670065129444,0,0,0,0,0,1,0,0,0,0,1,0
272100,17696242,83,9,6,1,142.56,87.12,62.7,107,1,0.5981735,0.5756670065129444,0,0,0,0,0,1,0,0,0,0,1,0
272100,17696242,90,9,6,1,142.56,87.12,62.7,107,1,1.0,0.5756670065129444,0,0,0,0,0,1,0,0,0,0,1,0
147960,6388373,74,9,6,1,142.56,87.12,62.7,107,2,0.0666343,0.5759133414648313,0,0,0,0,0,1,0,0,0,0,1,0
147960,6388373,75,9,6,1,142.56,87.12,62.7,107,2,0.12749767,0.5759133414648313,0,0,0,0,0,1,0,0,0,0,1,0
147960,6388373,76,9,6,1,142.56,87.12,62.7,107,2,0.18326454,0.5759133414648313,0,0,0,0,0,1,0,0,0,0,1,0
147960,6388373,77,9,6,1,142.56,87.12,62.7,107,2,0.2473475,0.5759133414648313,0,0,0,0,0,1,0,0,0,0,1,0
147960,6388373,78,9,6,1,142.56,87.12,62.7,107,2,0.30642685,0.5759133414648313,0,0,0,0,0,1,0,0,0,0,1,0
147960,6388373,79,9,6,1,142.56,87.12,62.7,107,2,0.3645938,0.5759133414648313,0,0,0,0,0,1,0,0,0,0,1,0
147960,6388373,80,9,6,1,142.56,87.12,62.7,107,2,0.43114972,0.5759133414648313,0,0,0,0,0,1,0,0,0,0,1,0
147960,6388373,81,9,6,1,142.56,87.12,62.7,107,2,0.4774575,0.5759133414648313,0,0,0,0,0,1,0,0,0,0,1,0
147960,6388373,82,9,6,1,142.56,87.12,62.7,107,2,0.534165,0.5759133414648313,0,0,0,0,0,1,0,0,0,0,1,0
147960,6388373,83,9,6,1,142.56,87.12,62.7,107,2,0.5849633,0.5759133414648313,0,0,0,0,0,1,0,0,0,0,1,0
147960,6388373,90,9,6,1,142.56,87.12,62.7,107,2,1.0,0.5759133414648313,0,0,0,0,0,1,0,0,0,0,1,0
268126,14674610,74,9,8,0,174.24,102.96,49.5,101,1,0.06704409,0.5779197408673745,0,0,0,0,0,0,0,0,0,0,0,0
268126,14674610,75,9,8,0,174.24,102.96,49.5,101,1,0.12576164,0.5779197408673745,0,0,0,0,0,0,0,0,0,0,0,0
268126,14674610,76,9,8,0,174.24,102.96,49.5,101,1,0.1852819,0.5779197408673745,0,0,0,0,0,0,0,0,0,0,0,0
268126,14674610,77,9,8,0,174.24,102.96,49.5,101,1,0.24576399,0.5779197408673745,0,0,0,0,0,0,0,0,0,0,0,0
268126,14674610,78,9,8,0,174.24,102.96,49.5,101,1,0.30426043,0.5779197408673745,0,0,0,0,0,0,0,0,0,0,0,0
268126,14674610,79,9,8,0,174.24,102.96,49.5,101,1,0.36410448,0.5779197408673745,0,0,0,0,0,0,0,0,0,0,0,0
268126,14674610,80,9,8,0,174.24,102.96,49.5,101,1,0.42148703,0.5779197408673745,0,0,0,0,0,0,0,0,0,0,0,0
268126,14674610,81,9,8,0,174.24,102.96,49.5,101,1,0.47795936,0.5779197408673745,0,0,0,0,0,0,0,0,0,0,0,0
268126,14674610,82,9,8,0,174.24,102.96,49.5,101,1,0.5231321,0.5779197408673745,0,0,0,0,0,0,0,0,0,0,0,0
268126,14674610,83,9,8,0,174.24,102.96,49.5,101,1,0.5730638,0.5779197408673745,0,0,0,0,0,0,0,0,0,0,0,0
268126,14674610,90,9,8,0,174.24,102.96,49.5,101,1,1.0,0.5779197408673745,0,0,0,0,0,0,0,0,0,0,0,0
39085,1549284,74,9,8,0,174.24,102.96,49.5,101,2,0.06849102,0.5870866670396687,0,0,0,0,0,0,0,0,0,0,0,0
39085,1549284,75,9,8,0,174.24,102.96,49.5,101,2,0.12290738,0.5870866670396687,0,0,0,0,0,0,0,0,0,0,0,0
39085,1549284,76,9,8,0,174.24,102.96,49.5,101,2,0.17660706,0.5870866670396687,0,0,0,0,0,0,0,0,0,0,0,0
39085,1549284,77,9,8,0,174.24,102.96,49.5,101,2,0.2414974,0.5870866670396687,0,0,0,0,0,0,0,0,0,0,0,0
39085,1549284,78,9,8,0,174.24,102.96,49.5,101,2,0.31571496,0.5870866670396687,0,0,0,0,0,0,0,0,0,0,0,0
39085,1549284,79,9,8,0,174.24,102.96,49.5,101,2,0.3566466,0.5870866670396687,0,0,0,0,0,0,0,0,0,0,0,0
39085,1549284,80,9,8,0,174.24,102.96,49.5,101,2,0.41371763,0.5870866670396687,0,0,0,0,0,0,0,0,0,0,0,0
39085,1549284,81,9,8,0,174.24,102.96,49.5,101,2,0.4830827,0.5870866670396687,0,0,0,0,0,0,0,0,0,0,0,0
39085,1549284,82,9,8,0,174.24,102.96,49.5,101,2,0.5363196,0.5870866670396687,0,0,0,0,0,0,0,0,0,0,0,0
39085,1549284,83,9,8,0,174.24,102.96,49.5,101,2,0.6058201,0.5870866670396687,0,0,0,0,0,0,0,0,0,0,0,0
39085,1549284,90,9,8,0,174.24,102.96,49.5,101,2,1.0,0.5870866670396687,0,0,0,0,0,0,0,0,0,0,0,0
234583,12933685,74,8,8,0,184.8,73.92,66.0,97,1,0.06753593,0.5811868947043066,0,0,0,0,1,0,1,0,0,0,0,0
234583,12933685,75,8,8,0,184.8,73.92,66.0,97,1,0.12660325,0.5811868947043066,0,0,0,0,1,0,1,0,0,0,0,0
234583,12933685,76,8,8,0,184.8,73.92,66.0,97,1,0.18771122,0.5811868947043066,0,0,0,0,1,0,1,0,0,0,0,0
234583,12933685,77,8,8,0,184.8,73.92,66.0,97,1,0.24610966,0.5811868947043066,0,0,0,0,1,0,1,0,0,0,0,0
234583,12933685,78,8,8,0,184.8,73.92,66.0,97,1,0.30487633,0.5811868947043066,0,0,0,0,1,0,1,0,0,0,0,0
234583,12933685,79,8,8,0,184.8,73.92,66.0,97,1,0.36707833,0.5811868947043066,0,0,0,0,1,0,1,0,0,0,0,0
234583,12933685,80,8,8,0,184.8,73.92,66.0,97,1,0.4177473,0.5811868947043066,0,0,0,0,1,0,1,0,0,0,0,0
234583,12933685,81,8,8,0,184.8,73.92,66.0,97,1,0.47769013,0.5811868947043066,0,0,0,0,1,0,1,0,0,0,0,0
234583,12933685,82,8,8,0,184.8,73.92,66.0,97,1,0.5288473,0.5811868947043066,0,0,0,0,1,0,1,0,0,0,0,0
234583,12933685,83,8,8,0,184.8,73.92,66.0,97,1,0.57042074,0.5811868947043066,0,0,0,0,1,0,1,0,0,0,0,0
234583,12933685,90,8,8,0,184.8,73.92,66.0,97,1,1.0,0.5811868947043066,0,0,0,0,1,0,1,0,0,0,0,0
98942,3806404,74,8,8,0,184.8,73.92,66.0,97,2,0.06786817,0.5782882000047802,0,0,0,0,1,0,1,0,0,0,0,0
98942,3806404,75,8,8,0,184.8,73.92,66.0,97,2,0.12740539,0.5782882000047802,0,0,0,0,1,0,1,0,0,0,0,0
98942,3806404,76,8,8,0,184.8,73.92,66.0,97,2,0.18703096,0.5782882000047802,0,0,0,0,1,0,1,0,0,0,0,0
98942,3806404,77,8,8,0,184.8,73.92,66.0,97,2,0.24839535,0.5782882000047802,0,0,0,0,1,0,1,0,0,0,0,0
98942,3806404,78,8,8,0,184.8,73.92,66.0,97,2,0.30733028,0.5782882000047802,0,0,0,0,1,0,1,0,0,0,0,0
98942,3806404,79,8,8,0,184.8,73.92,66.0,97,2,0.3765507,0.5782882000047802,0,0,0,0,1,0,1,0,0,0,0,0
98942,3806404,80,8,8,0,184.8,73.92,66.0,97,2,0.42323837,0.5782882000047802,0,0,0,0,1,0,1,0,0,0,0,0
98942,3806404,81,8,8,0,184.8,73.92,66.0,97,2,0.4796769,0.5782882000047802,0,0,0,0,1,0,1,0,0,0,0,0
98942,3806404,82,8,8,0,184.8,73.92,66.0,97,2,0.5572289,0.5782882000047802,0,0,0,0,1,0,1,0,0,0,0,0
98942,3806404,83,8,8,0,184.8,73.92,66.0,97,2,0.5581921,0.5782882000047802,0,0,0,0,1,0,1,0,0,0,0,0
98942,3806404,90,8,8,0,184.8,73.92,66.0,97,2,1.0,0.5782882000047802,0,0,0,0,1,0,1,0,0,0,0,0
280371,19445419,74,9.5,9,1,147.84,92.4,66.0,100,1,0.0673761,0.5820445508417326,0,0,0,1,0,0,0,0,0,0,1,0
280371,19445419,75,9.5,9,1,147.84,92.4,66.0,100,1,0.12637901,0.5820445508417326,0,0,0,1,0,0,0,0,0,0,1,0
280371,19445419,76,9.5,9,1,147.84,92.4,66.0,100,1,0.1870451,0.5820445508417326,0,0,0,1,0,0,0,0,0,0,1,0
280371,19445419,77,9.5,9,1,147.84,92.4,66.0,100,1,0.24507514,0.5820445508417326,0,0,0,1,0,0,0,0,0,0,1,0
280371,19445419,78,9.5,9,1,147.84,92.4,66.0,100,1,0.304525,0.5820445508417326,0,0,0,1,0,0,0,0,0,0,1,0
280371,19445419,79,9.5,9,1,147.84,92.4,66.0,100,1,0.36258757,0.5820445508417326,0,0,0,1,0,0,0,0,0,0,1,0
280371,19445419,80,9.5,9,1,147.84,92.4,66.0,100,1,0.42151204,0.5820445508417326,0,0,0,1,0,0,0,0,0,0,1,0
280371,19445419,81,9.5,9,1,147.84,92.4,66.0,100,1,0.4695372,0.5820445508417326,0,0,0,1,0,0,0,0,0,0,1,0
280371,19445419,82,9.5,9,1,147.84,92.4,66.0,100,1,0.5204106,0.5820445508417326,0,0,0,1,0,0,0,0,0,0,1,0
280371,19445419,83,9.5,9,1,147.84,92.4,66.0,100,1,0.5622014,0.5820445508417326,0,0,0,1,0,0,0,0,0,0,1,0
280371,19445419,90,9.5,9,1,147.84,92.4,66.0,100,1,1.0,0.5820445508417326,0,0,0,1,0,0,0,0,0,0,1,0
112257,3981050,74,9.5,9,1,147.84,92.4,66.0,100,2,0.0659841,0.5847358039199227,0,0,0,1,0,0,0,0,0,0,1,0
112257,3981050,75,9.5,9,1,147.84,92.4,66.0,100,2,0.12730895,0.5847358039199227,0,0,0,1,0,0,0,0,0,0,1,0
112257,3981050,76,9.5,9,1,147.84,92.4,66.0,100,2,0.18286844,0.5847358039199227,0,0,0,1,0,0,0,0,0,0,1,0
112257,3981050,77,9.5,9,1,147.84,92.4,66.0,100,2,0.24403524,0.5847358039199227,0,0,0,1,0,0,0,0,0,0,1,0
112257,3981050,78,9.5,9,1,147.84,92.4,66.0,100,2,0.3063717,0.5847358039199227,0,0,0,1,0,0,0,0,0,0,1,0
112257,3981050,79,9.5,9,1,147.84,92.4,66.0,100,2,0.3671041,0.5847358039199227,0,0,0,1,0,0,0,0,0,0,1,0
112257,3981050,80,9.5,9,1,147.84,92.4,66.0,100,2,0.42199954,0.5847358039199227,0,0,0,1,0,0,0,0,0,0,1,0
112257,3981050,81,9.5,9,1,147.84,92.4,66.0,100,2,0.47410908,0.5847358039199227,0,0,0,1,0,0,0,0,0,0,1,0
112257,3981050,82,9.5,9,1,147.84,92.4,66.0,100,2,0.529876,0.5847358039199227,0,0,0,1,0,0,0,0,0,0,1,0
112257,3981050,83,9.5,9,1,147.84,92.4,66.0,100,2,0.55088854,0.5847358039199227,0,0,0,1,0,0,0,0,0,0,1,0
112257,3981050,90,9.5,9,1,147.84,92.4,66.0,100,2,1.0,0.5847358039199227,0,0,0,1,0,0,0,0,0,0,1,0
253897,15979091,74,9.5,7,0,168.96,95.04,49.5,102,1,0.06648732,0.5859987511274544,0,0,0,0,0,0,1,0,0,0,0,0
253897,15979091,75,9.5,7,0,168.96,95.04,49.5,102,1,0.12468369,0.5859987511274544,0,0,0,0,0,0,1,0,0,0,0,0
253897,15979091,76,9.5,7,0,168.96,95.04,49.5,102,1,0.18551616,0.5859987511274544,0,0,0,0,0,0,1,0,0,0,0,0
253897,15979091,77,9.5,7,0,168.96,95.04,49.5,102,1,0.24609202,0.5859987511274544,0,0,0,0,0,0,1,0,0,0,0,0
253897,15979091,78,9.5,7,0,168.96,95.04,49.5,102,1,0.3021181,0.5859987511274544,0,0,0,0,0,0,1,0,0,0,0,0
253897,15979091,79,9.5,7,0,168.96,95.04,49.5,102,1,0.35695785,0.5859987511274544,0,0,0,0,0,0,1,0,0,0,0,0
253897,15979091,80,9.5,7,0,168.96,95.04,49.5,102,1,0.4160332,0.5859987511274544,0,0,0,0,0,0,1,0,0,0,0,0
253897,15979091,81,9.5,7,0,168.96,95.04,49.5,102,1,0.46999094,0.5859987511274544,0,0,0,0,0,0,1,0,0,0,0,0
253897,15979091,82,9.5,7,0,168.96,95.04,49.5,102,1,0.5052212,0.5859987511274544,0,0,0,0,0,0,1,0,0,0,0,0
253897,15979091,83,9.5,7,0,168.96,95.04,49.5,102,1,0.5423403,0.5859987511274544,0,0,0,0,0,0,1,0,0,0,0,0
253897,15979091,90,9.5,7,0,168.96,95.04,49.5,102,1,1.0,0.5859987511274544,0,0,0,0,0,0,1,0,0,0,0,0
90135,4147872,74,9.5,7,0,168.96,95.04,49.5,102,2,0.06454482,0.5853401111446173,0,0,0,0,0,0,1,0,0,0,0,0
90135,4147872,75,9.5,7,0,168.96,95.04,49.5,102,2,0.12625448,0.5853401111446173,0,0,0,0,0,0,1,0,0,0,0,0
90135,4147872,76,9.5,7,0,168.96,95.04,49.5,102,2,0.1850695,0.5853401111446173,0,0,0,0,0,0,1,0,0,0,0,0
90135,4147872,77,9.5,7,0,168.96,95.04,49.5,102,2,0.24475554,0.5853401111446173,0,0,0,0,0,0,1,0,0,0,0,0
90135,4147872,78,9.5,7,0,168.96,95.04,49.5,102,2,0.29967391,0.5853401111446173,0,0,0,0,0,0,1,0,0,0,0,0
90135,4147872,79,9.5,7,0,168.96,95.04,49.5,102,2,0.36582023,0.5853401111446173,0,0,0,0,0,0,1,0,0,0,0,0
90135,4147872,80,9.5,7,0,168.96,95.04,49.5,102,2,0.41851005,0.5853401111446173,0,0,0,0,0,0,1,0,0,0,0,0
90135,4147872,81,9.5,7,0,168.96,95.04,49.5,102,2,0.47819418,0.5853401111446173,0,0,0,0,0,0,1,0,0,0,0,0
90135,4147872,82,9.5,7,0,168.96,95.04,49.5,102,2,0.55293125,0.5853401111446173,0,0,0,0,0,0,1,0,0,0,0,0
90135,4147872,83,9.5,7,0,168.96,95.04,49.5,102,2,0.56980056,0.5853401111446173,0,0,0,0,0,0,1,0,0,0,0,0
90135,4147872,90,9.5,7,0,168.96,95.04,49.5,102,2,1.0,0.5853401111446173,0,0,0,0,0,0,1,0,0,0,0,0
311498,19664270,74,9.5,9.5,1,200.64,63.36,82.5,100,1,0.067667164,0.5834937942749908,0,0,0,0,0,1,0,0,0,0,0,1
311498,19664270,75,9.5,9.5,1,200.64,63.36,82.5,100,1,0.12526806,0.5834937942749908,0,0,0,0,0,1,0,0,0,0,0,1
311498,19664270,76,9.5,9.5,1,200.64,63.36,82.5,100,1,0.1853904,0.5834937942749908,0,0,0,0,0,1,0,0,0,0,0,1
311498,19664270,77,9.5,9.5,1,200.64,63.36,82.5,100,1,0.2448713,0.5834937942749908,0,0,0,0,0,1,0,0,0,0,0,1
311498,19664270,78,9.5,9.5,1,200.64,63.36,82.5,100,1,0.30305836,0.5834937942749908,0,0,0,0,0,1,0,0,0,0,0,1
311498,19664270,79,9.5,9.5,1,200.64,63.36,82.5,100,1,0.3571954,0.5834937942749908,0,0,0,0,0,1,0,0,0,0,0,1
311498,19664270,80,9.5,9.5,1,200.64,63.36,82.5,100,1,0.41374347,0.5834937942749908,0,0,0,0,0,1,0,0,0,0,0,1
311498,19664270,81,9.5,9.5,1,200.64,63.36,82.5,100,1,0.46139738,0.5834937942749908,0,0,0,0,0,1,0,0,0,0,0,1
311498,19664270,82,9.5,9.5,1,200.64,63.36,82.5,100,1,0.4992635,0.5834937942749908,0,0,0,0,0,1,0,0,0,0,0,1
311498,19664270,83,9.5,9.5,1,200.64,63.36,82.5,100,1,0.5137316,0.5834937942749908,0,0,0,0,0,1,0,0,0,0,0,1
311498,19664270,90,9.5,9.5,1,200.64,63.36,82.5,100,1,1.0,0.5834937942749908,0,0,0,0,0,1,0,0,0,0,0,1
308607,20892481,74,9.5,8,1,195.36,92.4,66.0,96,1,0.06705713,0.5845325261340171,0,0,1,0,0,0,1,0,0,0,0,0
308607,20892481,75,9.5,8,1,195.36,92.4,66.0,96,1,0.127466,0.5845325261340171,0,0,1,0,0,0,1,0,0,0,0,0
308607,20892481,76,9.5,8,1,195.36,92.4,66.0,96,1,0.18381658,0.5845325261340171,0,0,1,0,0,0,1,0,0,0,0,0
308607,20892481,77,9.5,8,1,195.36,92.4,66.0,96,1,0.24370606,0.5845325261340171,0,0,1,0,0,0,1,0,0,0,0,0
308607,20892481,78,9.5,8,1,195.36,92.4,66.0,96,1,0.29920197,0.5845325261340171,0,0,1,0,0,0,1,0,0,0,0,0
308607,20892481,79,9.5,8,1,195.36,92.4,66.0,96,1,0.35637185,0.5845325261340171,0,0,1,0,0,0,1,0,0,0,0,0
308607,20892481,80,9.5,8,1,195.36,92.4,66.0,96,1,0.41282257,0.5845325261340171,0,0,1,0,0,0,1,0,0,0,0,0
308607,20892481,81,9.5,8,1,195.36,92.4,66.0,96,1,0.46367845,0.5845325261340171,0,0,1,0,0,0,1,0,0,0,0,0
308607,20892481,82,9.5,8,1,195.36,92.4,66.0,96,1,0.49328655,0.5845325261340171,0,0,1,0,0,0,1,0,0,0,0,0
308607,20892481,83,9.5,8,1,195.36,92.4,66.0,96,1,0.5021991,0.5845325261340171,0,0,1,0,0,0,1,0,0,0,0,0
308607,20892481,90,9.5,8,1,195.36,92.4,66.0,96,1,1.0,0.5845325261340171,0,0,1,0,0,0,1,0,0,0,0,0
232638,9897473,74,9,7,1,126.72,84.48,56.1,110,1,0.06760943,0.5775708813664938,0,1,0,0,0,0,0,1,0,0,0,0
232638,9897473,75,9,7,1,126.72,84.48,56.1,110,1,0.1279701,0.5775708813664938,0,1,0,0,0,0,0,1,0,0,0,0
232638,9897473,76,9,7,1,126.72,84.48,56.1,110,1,0.18535766,0.5775708813664938,0,1,0,0,0,0,0,1,0,0,0,0
232638,9897473,77,9,7,1,126.72,84.48,56.1,110,1,0.24446513,0.5775708813664938,0,1,0,0,0,0,0,1,0,0,0,0
232638,9897473,78,9,7,1,126.72,84.48,56.1,110,1,0.30533117,0.5775708813664938,0,1,0,0,0,0,0,1,0,0,0,0
232638,9897473,79,9,7,1,126.72,84.48,56.1,110,1,0.36063668,0.5775708813664938,0,1,0,0,0,0,0,1,0,0,0,0
232638,9897473,80,9,7,1,126.72,84.48,56.1,110,1,0.4253554,0.5775708813664938,0,1,0,0,0,0,0,1,0,0,0,0
232638,9897473,81,9,7,1,126.72,84.48,56.1,110,1,0.46730125,0.5775708813664938,0,1,0,0,0,0,0,1,0,0,0,0
232638,9897473,82,9,7,1,126.72,84.48,56.1,110,1,0.5194827,0.5775708813664938,0,1,0,0,0,0,0,1,0,0,0,0
232638,9897473,83,9,7,1,126.72,84.48,56.1,110,1,0.55344826,0.5775708813664938,0,1,0,0,0,0,0,1,0,0,0,0
232638,9897473,90,9,7,1,126.72,84.48,56.1,110,1,1.0,0.5775708813664938,0,1,0,0,0,0,0,1,0,0,0,0
228089,11459675,74,9,9.5,1,184.8,81.84,69.3,98,1,0.06639992,0.5757278172447416,0,0,0,0,1,0,0,0,0,0,0,0
228089,11459675,75,9,9.5,1,184.8,81.84,69.3,98,1,0.12681629,0.5757278172447416,0,0,0,0,1,0,0,0,0,0,0,0
228089,11459675,76,9,9.5,1,184.8,81.84,69.3,98,1,0.18528545,0.5757278172447416,0,0,0,0,1,0,0,0,0,0,0,0
228089,11459675,77,9,9.5,1,184.8,81.84,69.3,98,1,0.2488569,0.5757278172447416,0,0,0,0,1,0,0,0,0,0,0,0
228089,11459675,78,9,9.5,1,184.8,81.84,69.3,98,1,0.3026095,0.5757278172447416,0,0,0,0,1,0,0,0,0,0,0,0
228089,11459675,79,9,9.5,1,184.8,81.84,69.3,98,1,0.3591436,0.5757278172447416,0,0,0,0,1,0,0,0,0,0,0,0
228089,11459675,80,9,9.5,1,184.8,81.84,69.3,98,1,0.41946483,0.5757278172447416,0,0,0,0,1,0,0,0,0,0,0,0
228089,11459675,81,9,9.5,1,184.8,81.84,69.3,98,1,0.47839117,0.5757278172447416,0,0,0,0,1,0,0,0,0,0,0,0
228089,11459675,82,9,9.5,1,184.8,81.84,69.3,98,1,0.53117466,0.5757278172447416,0,0,0,0,1,0,0,0,0,0,0,0
228089,11459675,83,9,9.5,1,184.8,81.84,69.3,98,1,0.58194715,0.5757278172447416,0,0,0,0,1,0,0,0,0,0,0,0
228089,11459675,90,9,9.5,1,184.8,81.84,69.3,98,1,1.0,0.5757278172447416,0,0,0,0,1,0,0,0,0,0,0,0
191511,8043251,74,7,9,0,142.56,100.32,49.5,103,1,0.06686891,0.5760824642014927,1,0,0,0,0,0,0,0,1,0,0,0
191511,8043251,75,7,9,0,142.56,100.32,49.5,103,1,0.12684377,0.5760824642014927,1,0,0,0,0,0,0,0,1,0,0,0
191511,8043251,76,7,9,0,142.56,100.32,49.5,103,1,0.18506637,0.5760824642014927,1,0,0,0,0,0,0,0,1,0,0,0
191511,8043251,77,7,9,0,142.56,100.32,49.5,103,1,0.24392068,0.5760824642014927,1,0,0,0,0,0,0,0,1,0,0,0
191511,8043251,78,7,9,0,142.56,100.32,49.5,103,1,0.3045509,0.5760824642014927,1,0,0,0,0,0,0,0,1,0,0,0
191511,8043251,79,7,9,0,142.56,100.32,49.5,103,1,0.36034054,0.5760824642014927,1,0,0,0,0,0,0,0,1,0,0,0
191511,8043251,80,7,9,0,142.56,100.32,49.5,103,1,0.41201684,0.5760824642014927,1,0,0,0,0,0,0,0,1,0,0,0
191511,8043251,81,7,9,0,142.56,100.32,49.5,103,1,0.47322926,0.5760824642014927,1,0,0,0,0,0,0,0,1,0,0,0
191511,8043251,82,7,9,0,142.56,100.32,49.5,103,1,0.52071005,0.5760824642014927,1,0,0,0,0,0,0,0,1,0,0,0
191511,8043251,83,7,9,0,142.56,100.32,49.5,103,1,0.55206186,0.5760824642014927,1,0,0,0,0,0,0,0,1,0,0,0
191511,8043251,90,7,9,0,142.56,100.32,49.5,103,1,1.0,0.5760824642014927,1,0,0,0,0,0,0,0,1,0,0,0
276088,18810099,74,9.5,9.5,1,147.84,89.76,66.0,104,1,0.066521354,0.5767024701712616,0,0,1,0,0,0,0,0,0,1,0,0
276088,18810099,75,9.5,9.5,1,147.84,89.76,66.0,104,1,0.1259506,0.5767024701712616,0,0,1,0,0,0,0,0,0,1,0,0
276088,18810099,76,9.5,9.5,1,147.84,89.76,66.0,104,1,0.18574451,0.5767024701712616,0,0,1,0,0,0,0,0,0,1,0,0
276088,18810099,77,9.5,9.5,1,147.84,89.76,66.0,104,1,0.24749161,0.5767024701712616,0,0,1,0,0,0,0,0,0,1,0,0
276088,18810099,78,9.5,9.5,1,147.84,89.76,66.0,104,1,0.30487603,0.5767024701712616,0,0,1,0,0,0,0,0,0,1,0,0
276088,18810099,79,9.5,9.5,1,147.84,89.76,66.0,104,1,0.36318693,0.5767024701712616,0,0,1,0,0,0,0,0,0,1,0,0
276088,18810099,80,9.5,9.5,1,147.84,89.76,66.0,104,1,0.42434415,0.5767024701712616,0,0,1,0,0,0,0,0,0,1,0,0
276088,18810099,81,9.5,9.5,1,147.84,89.76,66.0,104,1,0.4826029,0.5767024701712616,0,0,1,0,0,0,0,0,0,1,0,0
276088,18810099,82,9.5,9.5,1,147.84,89.76,66.0,104,1,0.5342733,0.5767024701712616,0,0,1,0,0,0,0,0,0,1,0,0
276088,18810099,83,9.5,9.5,1,147.84,89.76,66.0,104,1,0.5850442,0.5767024701712616,0,0,1,0,0,0,0,0,0,1,0,0
276088,18810099,90,9.5,9.5,1,147.84,89.76,66.0,104,1,1.0,0.5767024701712616,0,0,1,0,0,0,0,0,0,1,0,0
35421,700300,74,9,6,0,142.56,105.6,62.7,103,1,0.06861721,0.5691731335295692,0,0,0,0,0,0,0,1,0,0,0,0
35421,700300,75,9,6,0,142.56,105.6,62.7,103,1,0.12956375,0.5691731335295692,0,0,0,0,0,0,0,1,0,0,0,0
35421,700300,76,9,6,0,142.56,105.6,62.7,103,1,0.1918731,0.5691731335295692,0,0,0,0,0,0,0,1,0,0,0,0
35421,700300,77,9,6,0,142.56,105.6,62.7,103,1,0.24670078,0.5691731335295692,0,0,0,0,0,0,0,1,0,0,0,0
35421,700300,78,9,6,0,142.56,105.6,62.7,103,1,0.3195245,0.5691731335295692,0,0,0,0,0,0,0,1,0,0,0,0
35421,700300,79,9,6,0,142.56,105.6,62.7,103,1,0.3596817,0.5691731335295692,0,0,0,0,0,0,0,1,0,0,0,0
35421,700300,80,9,6,0,142.56,105.6,62.7,103,1,0.42547876,0.5691731335295692,0,0,0,0,0,0,0,1,0,0,0,0
35421,700300,81,9,6,0,142.56,105.6,62.7,103,1,0.47155687,0.5691731335295692,0,0,0,0,0,0,0,1,0,0,0,0
35421,700300,82,9,6,0,142.56,105.6,62.7,103,1,0.49579832,0.5691731335295692,0,0,0,0,0,0,0,1,0,0,0,0
35421,700300,83,9,6,0,142.56,105.6,62.7,103,1,0.54395604,0.5691731335295692,0,0,0,0,0,0,0,1,0,0,0,0
35421,700300,90,9,6,0,142.56,105.6,62.7,103,1,1.0,0.5691731335295692,0,0,0,0,0,0,0,1,0,0,0,0
222340,15550771,74,9,9.5,1,147.84,89.76,66.0,102,1,0.06608033,0.5747143783397053,0,0,0,0,1,0,0,0,0,0,1,0
222340,15550771,75,9,9.5,1,147.84,89.76,66.0,102,1,0.12372037,0.5747143783397053,0,0,0,0,1,0,0,0,0,0,1,0
222340,15550771,76,9,9.5,1,147.84,89.76,66.0,102,1,0.18735746,0.5747143783397053,0,0,0,0,1,0,0,0,0,0,1,0
222340,15550771,77,9,9.5,1,147.84,89.76,66.0,102,1,0.24609299,0.5747143783397053,0,0,0,0,1,0,0,0,0,0,1,0
222340,15550771,78,9,9.5,1,147.84,89.76,66.0,102,1,0.3025676,0.5747143783397053,0,0,0,0,1,0,0,0,0,0,1,0
222340,15550771,79,9,9.5,1,147.84,89.76,66.0,102,1,0.3640787,0.5747143783397053,0,0,0,0,1,0,0,0,0,0,1,0
222340,15550771,80,9,9.5,1,147.84,89.76,66.0,102,1,0.41636592,0.5747143783397053,0,0,0,0,1,0,0,0,0,0,1,0
222340,15550771,81,9,9.5,1,147.84,89.76,66.0,102,1,0.48392367,0.5747143783397053,0,0,0,0,1,0,0,0,0,0,1,0
222340,15550771,82,9,9.5,1,147.84,89.76,66.0,102,1,0.5345824,0.5747143783397053,0,0,0,0,1,0,0,0,0,0,1,0
222340,15550771,83,9,9.5,1,147.84,89.76,66.0,102,1,0.56498194,0.5747143783397053,0,0,0,0,1,0,0,0,0,0,1,0
222340,15550771,90,9,9.5,1,147.84,89.76,66.0,102,1,1.0,0.5747143783397053,0,0,0,0,1,0,0,0,0,0,1,0
211089,14045122,74,9.5,9.5,1,190.08,71.28,66.0,101,1,0.06609262,0.5772081624788502,0,0,0,0,0,1,0,0,0,1,0,0
211089,14045122,75,9.5,9.5,1,190.08,71.28,66.0,101,1,0.1256798,0.5772081624788502,0,0,0,0,0,1,0,0,0,1,0,0
211089,14045122,76,9.5,9.5,1,190.08,71.28,66.0,101,1,0.18462463,0.5772081624788502,0,0,0,0,0,1,0,0,0,1,0,0
211089,14045122,77,9.5,9.5,1,190.08,71.28,66.0,101,1,0.24708728,0.5772081624788502,0,0,0,0,0,1,0,0,0,1,0,0
211089,14045122,78,9.5,9.5,1,190.08,71.28,66.0,101,1,0.30524087,0.5772081624788502,0,0,0,0,0,1,0,0,0,1,0,0
211089,14045122,79,9.5,9.5,1,190.08,71.28,66.0,101,1,0.3613868,0.5772081624788502,0,0,0,0,0,1,0,0,0,1,0,0
211089,14045122,80,9.5,9.5,1,190.08,71.28,66.0,101,1,0.42043182,0.5772081624788502,0,0,0,0,0,1,0,0,0,1,0,0
211089,14045122,81,9.5,9.5,1,190.08,71.28,66.0,101,1,0.4736001,0.5772081624788502,0,0,0,0,0,1,0,0,0,1,0,0
211089,14045122,82,9.5,9.5,1,190.08,71.28,66.0,101,1,0.5293484,0.5772081624788502,0,0,0,0,0,1,0,0,0,1,0,0
211089,14045122,83,9.5,9.5,1,190.08,71.28,66.0,101,1,0.56544393,0.5772081624788502,0,0,0,0,0,1,0,0,0,1,0,0
211089,14045122,90,9.5,9.5,1,190.08,71.28,66.0,101,1,1.0,0.5772081624788502,0,0,0,0,0,1,0,0,0,1,0,0
183921,20981813,74,9.5,9,1,153.12,95.04,59.4,101,1,0.06480729,0.5831575302757022,0,0,0,1,0,0,0,0,0,0,1,0
183921,20981813,75,9.5,9,1,153.12,95.04,59.4,101,1,0.12536098,0.5831575302757022,0,0,0,1,0,0,0,0,0,0,1,0
183921,20981813,76,9.5,9,1,153.12,95.04,59.4,101,1,0.18452722,0.5831575302757022,0,0,0,1,0,0,0,0,0,0,1,0
183921,20981813,77,9.5,9,1,153.12,95.04,59.4,101,1,0.24354233,0.5831575302757022,0,0,0,1,0,0,0,0,0,0,1,0
183921,20981813,78,9.5,9,1,153.12,95.04,59.4,101,1,0.30248863,0.5831575302757022,0,0,0,1,0,0,0,0,0,0,1,0
183921,20981813,79,9.5,9,1,153.12,95.04,59.4,101,1,0.36274204,0.5831575302757022,0,0,0,1,0,0,0,0,0,0,1,0
183921,20981813,80,9.5,9,1,153.12,95.04,59.4,101,1,0.4197231,0.5831575302757022,0,0,0,1,0,0,0,0,0,0,1,0
183921,20981813,81,9.5,9,1,153.12,95.04,59.4,101,1,0.47318622,0.5831575302757022,0,0,0,1,0,0,0,0,0,0,1,0
183921,20981813,82,9.5,9,1,153.12,95.04,59.4,101,1,0.5323025,0.5831575302757022,0,0,0,1,0,0,0,0,0,0,1,0
183921,20981813,83,9.5,9,1,153.12,95.04,59.4,101,1,0.5711204,0.5831575302757022,0,0,0,1,0,0,0,0,0,0,1,0
183921,20981813,90,9.5,9,1,153.12,95.04,59.4,101,1,1.0,0.5831575302757022,0,0,0,1,0,0,0,0,0,0,1,0
